,State_Name,District_Name,Jan_level,Feb_level,march_level,april_level,may_level,june_level,july_level,aug_level,sep_level,oct_level,nov_level,dec_level,Jan2020_lev
0,MADHYA PRADESH,JHABUA,6.19,5,5,5,9.59,5.64,4.11,1.29,5,1.92,3.6,5,5
1,JAMMU & KASHMIR,JAMMU,5.65,5,5,5,7.08,5,5,5.8,5,5,2.42,5,5
2,BIHAR,DARBHANGA,4.4,5,5,5,5.41,5,5,5.97,5,5,2.91,5,5
3,BIHAR,SHEOHAR,3.79,4,4,4,6.11,4,4,4.99,4,4,2.19,4,4
4,MIZORAM,LUNGLEI,4,4,4,4,4,4,4,4,4,4,4,4,4
5,MADHYA PRADESH,MORENA,16.67,9,9,9,13.71,11.83,10.75,7,9,1.27,3.82,9,9
6,GUJARAT,NARMADA,10.27,9,9,9,12.14,9,9,7.69,9,9,6.53,9,9
7,RAJASTHAN,ALWAR,33.29,34,34,34,36.88,34,34,32.57,34,34,32.76,34,34
8,ASSAM,SONITPUR,3.97,3,4.5,3,3,3,3,1.98,3,3,3.19,3,3
9,TAMILNADU,CUDDALORE,11.6,10.74,11.36,11.55,20.22,9.66,11.16,18.84,16,17.65,15.84,14,14
10,CHHATTISGARH,JANJGIR-CHAMPA,5.74,4,4,4,8.35,4,4.46,2.76,2.31,4,3.06,3.41,3.56
11,ODISHA,GANJAM,3.11,3,3,4.97,3,3,3,1.76,3,3,2.2,3,3
12,ASSAM,TINSUKIA,3.39,3,3.2,3,3,3,3,1.61,3,3,2.22,3,3
13,ANDHRA PRADESH,ANANTAPUR,20.17,23.51,24.49,24.75,22.21,18,18,3.96,18,8.41,18,18,16.83
14,ANDHRA PRADESH,KURNOOL,10.59,12.84,14.1,14.26,13.23,10,10,3.98,10,4.48,10,10,8.36
15,ODISHA,PURI,3.25,2,2,3.56,2,2,2,1.4,2,2,1.72,2,2
16,GUJARAT,VADODARA,14.57,13,13,13,16.34,13,13,9.8,13,13,10.51,13,13
17,MIZORAM,MAMIT,13,13,13,13,13,13,13,13,13,13,13,13,13
18,MEGHALAYA,WEST GARO HILLS,3.55,3,4.63,3,3,3,3,2.51,3,3,2.63,3,3
19,NAGALAND,PHEK,3,3,3,3,3,3,3,3,3,3,3,3,3
20,WEST BENGAL,KOCH BIHAR,3.5,3,3,2.31,3,3,3,1.76,3,3,2.63,3,3
21,MAHARASHTRA,BHANDARA,6.2,6,6,6,9.84,6,6,2.01,6,6,5.03,6,6
22,WEST BENGAL,MURSHIDABAD,9.68,9,9,9.62,9,9,9,13.11,9,9,3.6,9,9
23,TAMILNADU,TIRUVANNAMALAI,7.21,10.78,11.42,11.69,9.64,9.65,11.13,9.32,18.83,18.06,4.97,11,11
24,DADRA AND NAGAR HAV,DADRA & NAGAR HAVELI,6.43,5,5,5,10.31,5,5,1.88,5,5,2.91,5,5
25,BIHAR,BHAGALPUR,5.9,6,6,6,7.21,6,6,6.18,6,6,3.16,6,6
26,GUJARAT,AMRELI,13.28,12,12,12,16.97,12,12,9.42,12,12,7.23,12,12
27,RAJASTHAN,NAGAUR,48.13,43,43,43,37.87,43,43,45.86,43,43,40.56,43,43
28,GOA,SOUTH GOA,5.93,5,5,5,6.06,5,5,3.95,5,5,4.77,5,5
29,MAHARASHTRA,CHANDRAPUR,5.64,5,5,5,9.07,5,5,2.41,5,5,3.88,5,5
30,LAKSHDWEEP,LAKSHADWEEP,5,5,5,5,5,5,5,5,5,5,5,5,5
31,UTTAR PRADESH,ALIGARH,7.76,23.56,17.4,15.95,13.29,17.73,18.32,17.87,16.85,136.07,16.78,19.23,20.18
32,MANIPUR,UKHRUL,26,26,26,26,26,26,26,26,26,26,26,26,26
33,TAMILNADU,TIRUCHIRAPPALLI,9.25,10.48,11.09,11.22,11.09,9.5,11.22,10.79,17.4,17.77,7.1,12,12
34,ODISHA,NUAPADA,3.04,3,3,5.23,3,3,3,1.42,3,3,3.14,3,3
35,MADHYA PRADESH,RAJGARH,10.31,6,6,6,13.86,9.47,2.79,2.33,6,1.73,3.57,6,6
36,UTTAR PRADESH,BAHRAICH,3.79,5.74,11.67,13.08,4.59,26.74,13.09,12.81,12.02,12.21,13.97,12.21,22.49
37,UTTAR PRADESH,GORAKHPUR,4.69,5.73,9.07,11.13,5.58,30.63,11.51,10.6,10.92,10.92,9.47,9.79,22.9
38,ASSAM,DHUBRI,4.08,6,8.31,6,6,6,6,2.12,6,6,8.21,6,6
39,RAJASTHAN,AJMER,10.18,9,9,9,11.71,9,9,10.72,9,9,5.09,9,9
40,RAJASTHAN,JHUNJHUNUN,57.42,53,53,53,39.74,53,53,56.75,53,53,57.8,53,53
41,JHARKHAND,DHANBAD,6,5,5,5,7.25,5,5,4.12,5,5,3.03,5,5
42,UTTAR PRADESH,ETAWAH,11.63,17.74,32.87,19.86,16.1,19.99,19.26,20.02,19.28,19.34,21.3,21.23,24.46
43,MAHARASHTRA,PUNE,5.68,6,6,6,7.81,6,6,3.86,6,6,6.74,6,6
44,SIKKIM,EAST,6,6,6,6,6,6,6,6,6,6,6,6,6
45,NAGALAND,WOKHA,6,6,6,6,6,6,6,6,6,6,6,6,6
46,PUNJAB,SHAHID BHAGAT SINGH NAGAR,18,18,18,18,19.14,18,18,17.9,18,17.55,18,18,18
47,MADHYA PRADESH,BHOPAL,8.91,6,6,6,12.26,9.76,3.44,3.05,6,1.66,3.58,6,6
48,UTTAR PRADESH,JHANSI,5.89,21,30.32,24.54,7.23,24.22,23.83,24.13,25.54,23.97,24.58,24.39,26.24
49,KARNATAKA,BELLARY,6.61,8,8,9.82,12.2,8,8,8.38,8,8,3.96,8,4.39
50,PUNJAB,BATHINDA,17,17,17,17,16.58,17,17,17.62,17,17.48,17,17,17
51,RAJASTHAN,PALI,9.58,9,9,9,12.14,9,9,7.52,9,9,6.92,9,9
52,ASSAM,JORHAT,3.15,2,3.1,2,2,2,2,2.09,2,2,1.46,2,2
53,MAHARASHTRA,OSMANABAD,9.66,8,8,8,11.21,8,8,7.75,8,8,3.64,8,8
54,ARUNACHAL PRADESH,EAST SIANG,6.31,5,5,5,5,5,5,2.44,5,5,5.79,5,5
55,JAMMU & KASHMIR,KATHUA,4.79,4,4,4,6.33,4,4,3.29,4,4,1.18,4,4
56,ODISHA,MALKANGIRI,3.71,3,3,5.04,3,3,3,0.87,3,3,1.83,3,3
57,ASSAM,KARBI ANGLONG,3.72,4,5.41,4,4,4,4,2.02,4,4,3.06,4,4
58,DAMAN & DIU,DIU,5.82,6,6,6,5.91,6,6,5.58,6,6,4.84,6,6
59,ODISHA,JAGATSINGHAPUR,2.15,2,2,2.92,2,2,2,1.31,2,2,1.58,2,2
60,MAHARASHTRA,YAVATMAL,6.46,6,6,6,8.84,6,6,3.44,6,6,3.99,6,6
61,ODISHA,BALANGIR,3.63,3,3,5.05,3,3,3,1.54,3,3,3.02,3,3
62,RAJASTHAN,HANUMANGARH,17.6,18,18,18,17.86,18,18,17.57,18,18,17.74,18,18
63,TELANGANA,NIZAMABAD,13.06,15.03,16.27,12,16.05,16.46,11.91,8.71,12,5,7.13,8.5,9.51
64,BIHAR,NALANDA,5.73,6,6,6,6.94,6,6,5.93,6,6,4.18,6,6
65,UTTAR PRADESH,KUSHINAGAR,2.65,5.61,8.04,11.35,3.8,32.17,11.2,10.3,10.52,10.6,9.37,9.07,23.21
66,UTTAR PRADESH,JALAUN,7.19,15.66,33.69,23.12,8.5,19.45,19.24,19.67,21.38,18.78,24.74,24.68,24.98
67,HARYANA,AMBALA,18,18,18,18,21.35,18,18,15.48,18,17.12,18,18,18
68,MADHYA PRADESH,WEST NIMAR,8.59,6,6,6,10.47,10.01,5.66,2.75,6,1.84,3.6,6,6
69,NAGALAND,ZUNHEBOTO,6,6,6,6,6,6,6,6,6,6,6,6,6
70,MADHYA PRADESH,NEEMUCH,8.48,5,5,5,11.81,6.94,2.97,1.24,5,1.74,3.59,5,5
71,UTTAR PRADESH,GONDA,4.64,5.61,10.71,10.55,5.31,28.61,13.28,12.87,12.86,15.31,12.98,17.24,21.97
72,MAHARASHTRA,SOLAPUR,9.29,8,8,8,11.2,8,8,7.93,8,8,3.58,8,8
73,ODISHA,BHADRAK,2.42,2,2,3.62,2,2,2,0.79,2,2,0.89,2,2
74,UTTAR PRADESH,GAUTAM BUDDHA NAGAR,17.28,23.42,18.92,17.99,16.82,15.52,17.33,17.04,16.6,941.97,14.56,22.24,22.27
75,UTTAR PRADESH,VARANASI,9,6.16,10.15,10.66,10.33,25.41,11.79,11.14,12.03,11.3,9.74,9.68,22.72
76,GUJARAT,RAJKOT,11.05,8,8,8,10.77,8,8,4.69,8,8,4,8,8
77,ODISHA,CUTTACK,3.42,3,3,3.87,3,3,3,1.62,3,3,2.08,3,3
78,MADHYA PRADESH,REWA,11.45,6,6,6,11.01,11.33,1.86,2.9,6,1.79,4.11,6,6
79,KARNATAKA,CHITRADURGA,12.21,11,11,13.82,20.5,11,11,11.46,11,11,3.77,11,5.03
80,UTTAR PRADESH,CHANDAULI,6.1,6.16,10.52,10.99,7.43,25.5,12.14,11.52,12.04,11.3,10.05,9.69,23.01
81,ODISHA,ANUGUL,4.37,4,4,5.99,4,4,4,2.08,4,4,3.36,4,4
82,UTTAR PRADESH,AMBEDKAR NAGAR,5.54,6.08,10.91,11.24,6.49,26.96,12.32,11.36,11.74,11.09,9.85,9.72,22.32
83,KARNATAKA,MYSORE,6.26,8,8,8.13,11.5,8,8,8.94,8,8,4.74,8,5.62
84,TAMILNADU,THANJAVUR,5.1,10.82,11.05,10.84,6.87,9.82,10.96,6.96,14.16,16.6,3.02,10,10
85,GUJARAT,NAVSARI,5.52,4,4,4,7.72,4,4,2.3,4,4,2.44,4,4
86,UTTAR PRADESH,JYOTIBA PHULE NAGAR,12.38,25.03,13.14,13.19,13.69,16.59,16.76,16.24,16.04,15.95,16.05,18.94,22.91
87,ARUNACHAL PRADESH,ANJAW,4.6,4,4,4,4,4,4,2.79,4,4,3.5,4,4
88,SIKKIM,NORTH,4,4,4,4,4,4,4,4,4,4,4,4,4
89,MEGHALAYA,EAST KHASI HILLS,1.63,1,1.33,1,1,1,1,0.96,1,1,1.03,1,1
90,KARNATAKA,HASSAN,9.46,9,9,13.37,8.16,9,9,8.48,9,9,5.66,9,6.41
91,BIHAR,SUPAUL,3.37,4,4,4,3.34,4,4,6.16,4,4,2.26,4,4
92,GUJARAT,BHARUCH,7.31,6,6,6,8.98,6,6,4.93,6,6,4.51,6,6
93,MADHYA PRADESH,TIKAMGARH,5.88,5,5,5,8.64,9.94,2.93,4,5,1.77,4.28,5,5
94,MANIPUR,CHANDEL,5,5,5,5,5,5,5,5,5,5,5,5,5
95,PUNJAB,AMRITSAR,15,15,15,15,14.08,15,15,14.99,15,14.98,15,15,15
96,MAHARASHTRA,NAGPUR,6.87,6,6,6,9.28,6,6,4.27,6,6,5.54,6,6
97,NAGALAND,TUENSANG,6,6,6,6,6,6,6,6,6,6,6,6,6
98,KARNATAKA,DAVANAGERE,7.88,8,8,12.11,14.02,8,8,7.8,8,8,3.75,8,4.74
99,HIMACHAL PRADESH,MANDI,3.92,4,4,4,4.53,4,4,2.44,4,4,3.55,4,4
100,MADHYA PRADESH,BETUL,8.22,6,6,6,10.06,11.01,4.1,2.4,6,2.21,3.64,6,6
101,UTTAR PRADESH,AZAMGARH,5.15,6.15,11.1,10.05,6.53,25.33,12.12,11.26,11.99,11.26,9.77,9.71,22.67
102,GUJARAT,PANCH MAHALS,7.57,7,7,7,10.5,7,7,4.27,7,7,4.68,7,7
103,UTTAR PRADESH,BAGHPAT,13.88,25.51,18.66,17.59,13.82,15.37,16.58,16.24,15.87,962.43,14.41,22.14,23.42
104,BIHAR,JAMUI,8.38,7,7,7,8.76,7,7,6.01,7,7,4.6,7,7
105,ARUNACHAL PRADESH,PAPUM PARE,6.81,5,5,5,5,5,5,2.37,5,5,5.45,5,5
106,UTTARAKHAND,DEHRADUN,10.19,12,12,12,13.06,12,12,11.39,12,12,12.33,12,12
107,KERALA,THRISSUR,6.43,4,4,7.39,4,6.18,3.3,3.8,2.26,4.08,6.01,1.86,1.83
108,PUNJAB,JALANDHAR,25,25,25,25,23.62,25,25,25.66,25,24.59,25,25,25
109,MANIPUR,IMPHAL EAST,25,25,25,25,25,25,25,25,25,25,25,25,25
110,MADHYA PRADESH,DAMOH,8.01,6,6,6,9.93,8.87,2.46,3.4,6,1.86,4.48,6,6
111,MANIPUR,TAMENGLONG,6,6,6,6,6,6,6,6,6,6,6,6,6
112,GUJARAT,BANAS KANTHA,43.91,44,44,44,48.03,44,44,41.88,44,44,42.95,44,44
113,GOA,NORTH GOA,4.83,4,4,4,5.49,4,4,2.89,4,4,3.41,4,4
114,CHHATTISGARH,SURGUJA,6.48,5,5,5,8.3,5,3.15,3.34,4.57,5,4.75,3.58,3.71
115,HARYANA,HISAR,8,8,8,8,8.24,8,8,7.45,8,7.94,8,8,8
116,UTTARAKHAND,TEHRI GARHWAL,9.56,12,12,12,15.67,12,12,10.46,12,12,12.16,12,12
117,HARYANA,JIND,15,15,15,15,15.13,15,15,15.73,15,13.68,15,15,15
118,SIKKIM,SOUTH,15,15,15,15,15,15,15,15,15,15,15,15,15
119,MIZORAM,CHAMPHAI,15,15,15,15,15,15,15,15,15,15,15,15,15
120,ANDHRA PRADESH,VIZIANAGARAM,5.92,7.14,7.66,8,7.59,6,6,2.88,6,2.45,6,6,5.54
121,ARUNACHAL PRADESH,CHANGLANG,4.78,4,4,4,4,4,4,2.64,4,4,3.22,4,4
122,GUJARAT,GANDHINAGAR,71.51,69,69,69,71.97,69,69,64.07,69,69,69.54,69,69
123,BIHAR,SITAMARHI,3.2,4,4,4,4.48,4,4,5.3,4,4,2.5,4,4
124,JHARKHAND,CHATRA,7.29,8,8,8,11.12,8,8,7.16,8,8,6.37,8,8
125,WEST BENGAL,BANKURA,5.29,5,5,6.16,5,5,5,3.31,5,5,6.46,5,5
126,UTTAR PRADESH,PILIBHIT,3.62,11.08,12.96,12.65,4.51,16.7,16.72,24.38,24.51,25.09,15.99,27.81,21.79
127,TELANGANA,KHAMMAM,6.68,8.16,8.92,7,8.99,9.32,5.19,4.82,7,3.39,5.28,5.98,6.7
128,RAJASTHAN,BHARATPUR,16.28,15,15,15,15.82,15,15,12.52,15,15,14.59,15,15
129,JHARKHAND,PURBI SINGHBHUM,5.07,5,5,5,7.6,5,5,2.82,5,5,2.87,5,5
130,KARNATAKA,TUMKUR,12.35,11,11,16.33,17.09,11,11,9.05,11,11,8.66,11,5.51
131,WEST BENGAL,DAKSHIN DINAJPUR,5.92,6,6,8.04,6,6,6,6.78,6,6,2.77,6,6
132,WEST BENGAL,DARJILING,5.09,4,4,5.1,4,4,4,2.18,4,4,1.82,4,4
133,PUNJAB,SANGRUR,34,34,34,34,33.68,34,34,33.42,34,34.43,34,34,34
134,HARYANA,JHAJJAR,6,6,6,6,6.78,6,6,5.49,6,4.84,6,6,6
135,PUNJAB,BARNALA,34,34,34,34,32.9,34,34,34.16,34,35.41,34,34,34
136,RAJASTHAN,DUNGARPUR,6.1,5,5,5,9.11,5,5,2.1,5,5,2.13,5,5
137,ANDHRA PRADESH,WEST GODAVARI,13.63,19.65,20.43,20.77,16.11,15,15,4.32,15,5.5,15,15,17.88
138,MAHARASHTRA,DHULE,8.74,8,8,8,10.72,8,8,5.72,8,8,8.31,8,8
139,MAHARASHTRA,NANDED,7.88,7,7,7,9.69,7,7,5.58,7,7,3.84,7,7
140,MADHYA PRADESH,RAISEN,8.32,6,6,6,11.03,10.13,3.43,2.67,6,2.15,3.77,6,6
141,TAMILNADU,THIRUVALLUR,5.36,10.74,11.37,11.67,13.59,9.65,11.13,6.92,17.95,18.07,4.17,11,11
142,JHARKHAND,KODARMA,6.53,6,6,6,8.84,6,6,5.63,6,6,4.78,6,6
143,TAMILNADU,SALEM,14.48,9.99,10.85,11.06,14.39,9.88,11.13,12.36,20.91,18.06,7.47,13,13
144,UTTAR PRADESH,MAHARAJGANJ,1.98,5.6,7.65,9.4,4.33,32.35,9.61,8.8,8.42,9.53,8.63,10.97,23.09
145,HARYANA,KURUKSHETRA,36,36,36,36,35.23,36,36,37.01,36,35.84,36,36,36
146,WEST BENGAL,NORTH 24 PARGANAS,6.2,7,7,7.06,7,7,7,10,7,7,4.94,7,7
147,MADHYA PRADESH,SHIVPURI,9.2,6,6,6,11.39,9.65,7.42,2.89,6,1.24,3.59,6,6
148,MAHARASHTRA,BULDANA,10.25,10,10,10,12.77,10,10,7.79,10,10,8.17,10,10
149,TAMILNADU,PUDUKKOTTAI,7.17,10.29,10.49,10.37,8.56,9.91,10.91,8.31,13.78,16.28,3.51,10,10
150,RAJASTHAN,GANGANAGAR,13.11,13,13,13,13.23,13,13,12.91,13,13,13.4,13,13
151,KERALA,ALAPPUZHA,4.46,4,4,4.9,4,4.22,6.03,3.62,4.68,4.29,5.25,2.19,3.74
152,JHARKHAND,RAMGARH,6.23,5,5,5,8.01,5,5,3.82,5,5,2.71,5,5
153,JHARKHAND,GODDA,5.47,6,6,6,7.23,6,6,6.18,6,6,3.91,6,6
154,UTTAR PRADESH,BASTI,4.61,5.63,7.68,10.23,5.47,32.07,10.16,9.3,8.93,10.76,8.67,13.18,22.39
155,ODISHA,KENDRAPARA,2.41,2,2,3,2,2,2,1.5,2,2,1.54,2,2
156,UTTARAKHAND,UDHAM SINGH NAGAR,6.55,6,6,6,8.33,6,6,4.9,6,6,6.03,6,6
157,ASSAM,GOLAGHAT,3.31,4,5.63,4,4,4,4,2.47,4,4,3.21,4,4
158,JAMMU & KASHMIR,UDHAMPUR,2,2,2,2,3.43,2,2,2.17,2,2,1.33,2,2
159,KARNATAKA,UTTARA KANNADA,6.71,6,6,9.12,9.69,6,6,1.94,6,6,3.67,6,4.14
160,UTTAR PRADESH,CHITRAKOOT,10.6,6.18,12.84,11.95,11.36,23.82,19.06,17.34,19.09,18.45,16.64,16.31,21.73
161,UTTAR PRADESH,SAHARANPUR,8.68,26.47,16.31,17.01,8.74,15.89,16.09,15.61,15.23,15.13,15.15,20.05,23.8
162,ODISHA,RAYAGADA,4.07,3,3,5.24,3,3,3,1.64,3,3,2.75,3,3
163,UTTAR PRADESH,SANT KABIR NAGAR,4.57,5.64,8.2,11.04,5.5,31.92,11,10.1,10,10.43,9.27,10.45,22.71
164,HARYANA,SIRSA,15,15,15,15,16.82,15,15,14.88,15,11.84,15,15,15
165,UTTAR PRADESH,SONBHADRA,8.42,6.16,12.01,12.07,9.24,26.2,13,12.47,12.21,11.46,10.81,9.83,23.23
166,TRIPURA,NORTH TRIPURA,4.21,3,3.3,3,3,3,3,2.15,3,3,3.14,3,3
167,MIZORAM,SERCHHIP,3,3,3,3,3,3,3,3,3,3,3,3,3
168,ASSAM,DIBRUGARH,3.34,3,4.04,3,3,3,3,1.44,3,3,2.85,3,3
169,KARNATAKA,DHARWAD,8.5,7,7,10.51,11.48,7,7,1.82,7,7,4.35,7,3.91
170,MADHYA PRADESH,DEWAS,13.55,7,7,7,14.58,8.92,4.11,2.74,7,1.92,3.59,7,7
171,WEST BENGAL,PURULIYA,4.71,5,5,6.65,5,5,5,2.65,5,5,6.22,5,5
172,GUJARAT,MAHESANA,39.73,40,40,40,44.25,40,40,38.53,40,40,37.5,40,40
173,ANDHRA PRADESH,EAST GODAVARI,6.81,9.15,9.63,9.9,8.98,7,7,4.62,7,1.78,7,7,7.65
174,HARYANA,SONIPAT,12,12,12,12,10.88,12,12,12.23,12,12.31,12,12,12
175,JHARKHAND,JAMTARA,6.55,5,5,5,7.89,5,5,3.75,5,5,3.27,5,5
176,HARYANA,ROHTAK,4,4,4,4,4.86,4,4,3.82,4,4.07,4,4,4
177,UTTAR PRADESH,AGRA,21.66,33.06,30.63,30.28,29.09,30.89,30.57,29.25,28.38,29.53,29.71,28.89,31.22
178,NAGALAND,MOKOKCHUNG,29,29,29,29,29,29,29,29,29,29,29,29,29
179,UTTAR PRADESH,MORADABAD,10.18,22.6,11.66,12.93,11.17,16.31,16.52,14.51,14.36,14.48,16.41,16.36,23.11
180,MAHARASHTRA,SATARA,7.33,6,6,6,8.93,6,6,4.08,6,6,3.92,6,6
181,PUNJAB,RUPNAGAR,11,11,11,11,11.64,11,11,11.01,11,9.67,11,11,11
182,CHHATTISGARH,KABEERDHAM,6.76,4,4,4,8.37,4,2.79,3.18,2.39,4,3.73,3.67,3.19
183,DELHI,EAST,12,12,12,12,12.36,12,12,12.11,12,11.93,12,11.91,12
184,ASSAM,KAMRUP METROPOLITAN,3.54,3,3.05,3,3,3,3,2.16,3,3,2.64,3,3
185,WEST BENGAL,PURBA MEDINIPUR,12.84,10,10,12.75,10,10,10,9.14,10,10,6.28,10,10
186,WEST BENGAL,MALDAH,5.13,6,6,5.96,6,6,6,11.7,6,6,2.65,6,6
187,MADHYA PRADESH,INDORE,13.42,7,7,7,16.82,7.59,3.94,3.06,7,1.89,3.59,7,7
188,UTTAR PRADESH,MEERUT,12.33,25.55,16.54,15.82,11.07,16.53,16.17,15.7,15.33,15.24,15.82,19.88,23.15
189,JAMMU & KASHMIR,ANANTNAG,7.07,7,7,7,7.42,7,7,6.72,7,7,6.65,7,7
190,JHARKHAND,DEOGHAR,6.85,6,6,6,8.77,6,6,5.39,6,6,2.95,6,6
191,RAJASTHAN,KARAULI,14.26,15,15,15,16.3,15,15,13.96,15,15,14.93,15,15
192,BIHAR,PURBA CHAMPARAN,3.73,4,4,4,4.95,4,4,3.56,4,4,2.35,4,4
193,JHARKHAND,SARAIKELA-KHARSAWAN,5.82,5,5,5,7.42,5,5,1.87,5,5,2.9,5,5
194,KARNATAKA,RAICHUR,5.13,6,6,6.66,6.13,6,6,7.84,6,6,4.91,6,4.25
195,MADHYA PRADESH,ANUPPUR,6.47,5,5,5,8.32,8.53,1.82,2.71,5,2.38,4.09,5,5
196,ODISHA,JAJAPUR,3.24,3,3,3.87,3,3,3,1.55,3,3,2.31,3,3
197,GUJARAT,THE DANGS,3.54,3,3,3,6.46,3,3,1.27,3,3,1.31,3,3
198,MAHARASHTRA,AMRAVATI,9.34,9,9,9,12.56,9,9,8.13,9,9,7.12,9,9
199,KERALA,IDUKKI,4.72,5,5,5.73,5,4.37,9.28,5.03,4.62,3.93,5.61,1.48,3.14
200,UTTARAKHAND,BAGESHWAR,31.55,30,30,30,32.75,30,30,29.78,30,30,27.17,30,30
201,UTTARAKHAND,RUDRAPRAYAG,9.15,16,16,16,22.56,16,16,17.07,16,16,15.16,16,16
202,ASSAM,BAKSA,3.14,3,2.95,3,3,3,3,2.09,3,3,3.2,3,3
203,RAJASTHAN,BIKANER,41.06,42,42,42,44.07,42,42,41.7,42,42,40.38,42,42
204,JHARKHAND,GIRIDIH,6.23,6,6,6,9.28,6,6,5.94,6,6,3.18,6,6
205,TELANGANA,MAHBUBNAGAR,13.66,13.57,13.98,12,14.75,13.4,12.52,11.26,12,9.5,9.73,9.61,9.99
206,UTTARAKHAND,NAINITAL,23.5,25,25,25,25.95,25,25,24.06,25,25,26.03,25,25
207,UTTAR PRADESH,LUCKNOW,12.73,5.57,13.48,15.16,14.27,22.57,15.85,15.2,14.62,15.96,14.85,59.59,20.1
208,DELHI,WEST,12,12,12,12,12.33,12,12,12.1,12,12.95,12,11.98,12
209,MEGHALAYA,RI BHOI,2.76,2,2.74,2,2,2,2,1.65,2,2,1.7,2,2
210,MAHARASHTRA,GONDIYA,6.58,6,6,6,8.84,6,6,1.73,6,6,5.28,6,6
211,MAHARASHTRA,JALNA,10.24,10,10,10,12.82,10,10,8.67,10,10,6.74,10,10
212,TAMILNADU,COIMBATORE,13.65,14.41,14.87,16.71,15.22,12.47,7.97,13.58,21.24,24.9,10,15,15
213,PUNJAB,MANSA,15,15,15,15,13.87,15,15,15.57,15,16.71,15,15,15
214,ASSAM,KOKRAJHAR,3.87,5,7.63,5,5,5,5,2.12,5,5,7.5,5,5
215,BIHAR,VAISHALI,5.93,6,6,6,7.77,6,6,5.56,6,6,3.43,6,6
216,MADHYA PRADESH,VIDISHA,8.55,6,6,6,11.46,9.95,3.61,3.45,6,1.54,3.57,6,6
217,HARYANA,FATEHABAD,17,17,17,17,21.18,17,17,22.89,17,8.03,17,17,17
218,JHARKHAND,SAHIBGANJ,5.8,5,5,5,6.83,5,5,3.06,5,5,3.06,5,5
219,HIMACHAL PRADESH,UNA,5.39,5,5,5,5.84,5,5,5.26,5,5,4.41,5,5
220,MADHYA PRADESH,CHHATARPUR,7.67,6,6,6,9.88,9.35,2.29,4.49,6,1.82,4.16,6,6
221,KARNATAKA,BAGALKOT,8.08,6,6,8.68,9.78,6,6,1.7,6,6,6.72,6,3.68
222,NAGALAND,KIPHIRE,6,6,6,6,6,6,6,6,6,6,6,6,6
223,ASSAM,KAMRUP,3.36,3,3,3,3,3,3,1.92,3,3,2.3,3,3
224,HARYANA,GURGAON,26,26,26,26,29.7,26,26,23.6,26,25.35,26,26,26
225,MADHYA PRADESH,SHAHDOL,7.68,5,5,5,8.66,9.46,1.83,3.51,5,2.07,4.1,5,5
226,ASSAM,DIMA HASAO,3.23,4,6.14,4,4,4,4,2.01,4,4,3.27,4,4
227,BIHAR,JEHANABAD,5.24,5,5,5,6.15,5,5,4.18,5,5,3.38,5,5
228,TAMILNADU,SIVAGANGA,11.09,10.3,7.65,7.98,11.49,9.99,10.31,11.95,12.32,14.41,7.69,10,10
229,UTTAR PRADESH,FATEHPUR,9.47,6.54,13.74,15.04,11.63,21.08,18.86,17.76,17.71,17.78,17.14,17.23,19.42
230,HARYANA,PANIPAT,17,17,17,17,15.83,17,17,18.66,17,17.47,17,17,17
231,UTTAR PRADESH,HARDOI,5.66,9.17,17.31,19.53,9.81,21.49,20.35,20.04,20.51,19.72,20.41,23.12,22.26
232,WEST BENGAL,PASHCHIM MEDINIPUR,9.44,7,7,8.02,7,7,7,3.57,7,7,6.21,7,7
233,DAMAN & DIU,DAMAN,5.72,4,4,4,5.69,4,4,1.87,4,4,2.17,4,4
234,ODISHA,JHARSUGUDA,4.07,3,3,5.31,3,3,3,0.93,3,3,2.25,3,3
235,BIHAR,SHEIKHPURA,5.47,6,6,6,7.65,6,6,6.02,6,6,3.91,6,6
236,BIHAR,NAWADA,5.72,6,6,6,7.4,6,6,5.91,6,6,4.61,6,6
237,PUNJAB,FIROZPUR,8,8,8,8,7.91,8,8,7.73,8,8.69,8,8,8
238,BIHAR,ARWAL,4.69,4,4,4,5.37,4,4,3.82,4,4,2.69,4,4
239,HIMACHAL PRADESH,SHIMLA,9.73,9,9,9,10.43,9,9,6.75,9,9,7.99,9,9
240,DELHI,SOUTH WEST,20,20,20,20,20.62,20,20,20.07,20,19.88,20,19.95,20
241,MADHYA PRADESH,SINGRAULI,9.23,6,6,6,10.11,11.76,1.78,2.71,6,1.79,4.1,6,6
242,BIHAR,ARARIA,3.38,4,4,4,3.31,4,4,6.21,4,4,2.32,4,4
243,BIHAR,PURNIA,3.78,4,4,4,3.85,4,4,6.22,4,4,2.6,4,4
244,ASSAM,KARIMGANJ,2.03,2,2.09,2,2,2,2,1.95,2,2,0.87,2,2
245,KARNATAKA,MANDYA,5.31,7,7,7.11,10.52,7,7,8.74,7,7,3.45,7,5.77
246,PUNJAB,LUDHIANA,20,20,20,20,19.33,20,20,20.98,20,20.03,20,20,20
247,RAJASTHAN,BARAN,4.69,5,5,5,9.09,5,5,4.56,5,5,3.4,5,5
248,HARYANA,PANCHKULA,9,9,9,9,10.87,9,9,8.24,9,8.45,9,9,9
249,RAJASTHAN,DAUSA,25.85,25,25,25,26.42,25,25,22.35,25,25,23.96,25,25
250,MADHYA PRADESH,SIDHI,8.44,6,6,6,9.63,11.94,1.77,2.76,6,1.79,4.11,6,6
251,WEST BENGAL,SOUTH 24 PARGANAS,8.51,9,9,8.92,9,9,9,11.08,9,9,8.06,9,9
252,UTTAR PRADESH,FIROZABAD,18.21,29.91,26.59,26.81,26.99,28.44,28.45,27.79,27.1,28.02,28.07,28.53,30.05
253,ASSAM,NAGAON,4.02,4,5.48,4,4,4,4,1.73,4,4,3.4,4,4
254,MADHYA PRADESH,BURHANPUR,10.55,7,7,7,14.75,9.71,3.07,2.14,7,2.33,3.61,7,7
255,TAMILNADU,VILUPPURAM,6.3,10.74,11.37,11.65,9.25,9.65,11.15,8.4,17.42,17.9,4.66,11,11
256,MADHYA PRADESH,SATNA,9.04,6,6,6,10.22,8.78,2.48,3.24,6,1.79,4.11,6,6
257,KERALA,PATHANAMTHITTA,6.24,5,5,6.42,5,4.96,6.86,4.25,7.07,3.49,6.72,1.89,5.71
258,MADHYA PRADESH,SHAJAPUR,9.37,6,6,6,11.87,8.6,3.2,1.26,6,1.81,3.58,6,6
259,MADHYA PRADESH,SHEOPUR,11.01,7,7,7,12.24,9.75,6.15,4.31,7,1.71,3.55,7,7
260,GUJARAT,PATAN,41.4,40,40,40,46.62,40,40,34.24,40,40,36.34,40,40
261,GUJARAT,TAPI,5.63,5,5,5,8.12,5,5,2.98,5,5,3.16,5,5
262,KARNATAKA,KOLAR,10.09,10,10,13.83,18.63,10,10,3.79,10,10,10.6,10,4.93
263,UTTAR PRADESH,SITAPUR,5.43,6.2,11.94,12.48,7.15,22.74,12.61,12.19,11.42,11.2,11.74,12.07,22.24
264,UTTAR PRADESH,SHRAWASTI,3.73,5.65,12.25,14.43,4.49,27.13,14.01,13.06,12.26,12.52,14.99,12.41,22.52
265,RAJASTHAN,CHITTAURGARH,12.02,10,10,10,13.78,10,10,10.31,10,10,4.49,10,10
266,CHHATTISGARH,DURG,5.99,4,4,4,8.08,4,4.67,3.14,1.71,4,3.08,2.97,3.16
267,GUJARAT,SURAT,5.91,5,5,5,7.4,5,5,3.28,5,5,3.15,5,5
268,ODISHA,BARGARH,2.78,3,3,4.47,3,3,3,1.19,3,3,2.81,3,3
269,KARNATAKA,RAMANAGARA,7.53,8,8,9.1,10.12,8,8,7.87,8,8,5.7,8,5.37
270,GUJARAT,PORBANDAR,14.17,11,11,11,15.92,11,11,9.18,11,11,4.61,11,11
271,KARNATAKA,YADGIR,6.92,7,7,8.49,10.33,7,7,6.01,7,7,6.26,7,4.12
272,KARNATAKA,CHIKMAGALUR,6.34,7,7,9.73,8.18,7,7,5.26,7,7,4.43,7,5.65
273,MADHYA PRADESH,SEONI,6.21,5,5,5,7.78,5.92,2.74,2.19,5,2.37,4.82,5,5
274,TAMILNADU,KARUR,7.17,9.53,10.09,10.63,10.75,9.59,11.18,8.88,20.33,17.99,6.06,11,11
275,ARUNACHAL PRADESH,TAWANG,7.2,5,5,5,5,5,5,2.38,5,5,5.45,5,5
276,RAJASTHAN,DHAULPUR,16.79,15,15,15,16.91,15,15,11.55,15,15,12.96,15,15
277,MADHYA PRADESH,SEHORE,10.95,7,7,7,12.85,10.18,4.16,2.5,7,2.01,3.59,7,7
278,ODISHA,MAYURBHANJ,5.37,4,4,4.71,4,4,4,2.21,4,4,3.29,4,4
279,MADHYA PRADESH,UMARIA,7.06,5,5,5,8.32,8.37,2.02,3.58,5,2.07,4.09,5,5
280,ASSAM,UDALGURI,3.59,3,3.6,3,3,3,3,2.29,3,3,3.36,3,3
281,ODISHA,KORAPUT,4.96,5,5,6.71,5,5,5,2.16,5,5,4.33,5,5
282,KARNATAKA,SHIMOGA,7.39,7,7,9.33,10.14,7,7,3.38,7,7,4.06,7,4.8
283,ARUNACHAL PRADESH,LOHIT,4.65,4,4,4,4,4,4,2.94,4,4,3.48,4,4
284,JHARKHAND,LATEHAR,5.92,7,7,7,9.74,7,7,6.19,7,7,4.73,7,7
285,JAMMU & KASHMIR,J&K District 1,3.46,3,3,3,3.16,3,3,2.79,3,3,2.55,3,3
286,JHARKHAND,BOKARO,4.92,5,5,5,7.91,5,5,4.73,5,5,3.75,5,5
287,TELANGANA,NALGONDA,10.08,11.49,11.27,10,11.16,12.24,11.56,9.58,10,5.43,7.59,8,8.33
288,UTTAR PRADESH,LALITPUR,5.74,25.43,26.43,26.39,5.42,25.97,26.15,26.27,27.96,25.88,25.96,25.77,26.25
289,MEGHALAYA,SOUTH GARO HILLS,3.36,3,4.48,3,3,3,3,2.37,3,3,2.69,3,3
290,MIZORAM,KOLASIB,3,3,3,3,3,3,3,3,3,3,3,3,3
291,KARNATAKA,BANGALORE RURAL,14.61,13,13,21.83,16.48,13,13,3.84,13,13,17.06,13,5.17
292,RAJASTHAN,SAWAI MADHOPUR,9.02,9,9,9,12.77,9,9,6.63,9,9,6.09,9,9
293,TELANGANA,RANGAREDDY,15.39,15.61,15.98,15,17.27,16.57,15.44,13.97,15,10.12,12.5,13.04,14
294,UTTAR PRADESH,MAHAMAYA NAGAR,11.03,25.86,19.81,19.45,17.62,21.16,27.66,29.5,25.64,25.33,25.7,25.8,22.05
295,MEGHALAYA,WEST KHASI HILLS,2.88,2,3.23,2,2,2,2,1.88,2,2,1.91,2,2
296,CHHATTISGARH,BILASPUR,6.1,4,4,4,9.24,4,2.45,3.14,3.5,4,3.72,4.52,3.19
297,TAMILNADU,RAMANATHAPURAM,13.61,22.29,6.89,7.36,19.8,10.05,10.38,20,11.77,13.75,10.3,13,13
298,MAHARASHTRA,NANDURBAR,8.63,8,8,8,11.6,8,8,5.87,8,8,7.88,8,8
299,BIHAR,SIWAN,5.3,4,4,4,6.31,4,4,3.43,4,4,2.23,4,4
300,PUNJAB,SAHIBZADA AJIT SINGH NAGAR,13,13,13,13,12.75,13,13,12.8,13,12.28,13,13,13
301,BIHAR,BHOJPUR,5.33,5,5,5,7.01,5,5,3.87,5,5,3.48,5,5
302,MEGHALAYA,EAST GARO HILLS,3.28,3,4.49,3,3,3,3,2.21,3,3,2.74,3,3
303,UTTAR PRADESH,BIJNOR,7.38,23.88,13.25,13.37,8.76,15.85,16,15.47,15.26,15.21,15.38,18.28,23.43
304,RAJASTHAN,PRATAPGARH,4.89,5,5,5,8.83,5,5,1.43,5,5,2.92,5,5
305,BIHAR,SARAN (CHHAPRA),6.03,5,5,5,7.47,5,5,4.98,5,5,2.61,5,5
306,JHARKHAND,SIMDEGA,5.05,4,4,4,6.92,4,4,2.84,4,4,2.14,4,4
307,JHARKHAND,GUMLA,5.51,5,5,5,7.04,5,5,3.97,5,5,2.65,5,5
308,MANIPUR,BISHNUPUR,5,5,5,5,5,5,5,5,5,5,5,5,5
309,TAMILNADU,MADURAI,10.8,9.67,8.9,11.13,11.94,10.96,9.73,11.55,14.27,16.67,12.35,12,12
310,KARNATAKA,BANGALORE,11.32,14,14,27.28,14.33,14,14,5.31,14,14,19.59,14,5.2
311,UTTAR PRADESH,HAMIRPUR,8.76,10.45,20.91,20.98,11.71,20.73,20.61,21.5,25.17,20.98,21.19,21.23,23.16
312,ANDHRA PRADESH,GUNTUR,8.22,9.98,11.19,11.58,10.33,8,8,4.09,8,3.92,8,8,7.55
313,ANDHRA PRADESH,VISAKHAPATNAM,6.92,9.42,9.76,10.01,8.43,7,7,4.74,7,2.07,7,7,7.54
314,UTTAR PRADESH,PRATAPGARH,7.08,6.15,10.91,10.73,7.66,25.43,11.95,11.35,12.12,11.37,9.97,9.5,21.2
315,MAHARASHTRA,PARBHANI,10.8,9,9,9,13.65,9,9,9.52,9,9,3.68,9,9
316,HIMACHAL PRADESH,HAMIRPUR,3.63,3,3,3,4.19,3,3,2.29,3,3,3.12,3,3
317,MADHYA PRADESH,ASHOKNAGAR,6.72,5,5,5,9.45,9.34,2.95,3.4,5,1.17,3.51,5,5
318,HARYANA,PALWAL,9,9,9,9,8.99,9,9,7.65,9,8.97,9,9,9
319,SIKKIM,WEST,9,9,9,9,9,9,9,9,9,9,9,9,9
320,HARYANA,FARIDABAD,23,23,23,23,21.22,23,23,24.2,23,23.52,23,23,23
321,HARYANA,REWARI,25,25,25,25,26.48,25,25,24.75,25,23.97,25,25,25
322,PUNJAB,TARN TARAN,18,18,18,18,17.63,18,18,18.18,18,19.18,18,18,18
323,RAJASTHAN,JHALAWAR,6.95,6,6,6,9.17,6,6,2.43,6,6,3.67,6,6
324,ANDHRA PRADESH,KRISHNA,7.6,9.91,10.66,11.2,9.56,8,8,4.18,8,4.43,8,8,9.61
325,KARNATAKA,KODAGU,7.45,7,7,10.24,7.03,7,7,7.53,7,7,6.9,7,5.62
326,TAMILNADU,THOOTHUKKUDI,5.85,15.76,8.84,7.87,8.45,9.94,9.32,10.01,11.85,19.33,3.69,10,10
327,CHHATTISGARH,JASHPUR,4.73,4,4,4,7.23,4,2.19,3.07,5.56,4,5.17,3.39,3.24
328,UTTAR PRADESH,SHAHJAHANPUR,6.47,11.41,14.61,14.91,6.7,18.34,18.31,25.64,24.48,25.3,20.3,30.38,22.33
329,UTTAR PRADESH,KANPUR DEHAT,8.74,10.81,23.3,21.86,9.67,15.95,15.81,16.67,18.91,14.89,21.92,21.69,22.7
330,HARYANA,BHIWANI,14,14,14,14,15.65,14,14,15.09,14,12.48,14,14,14
331,BIHAR,SAMASTIPUR,5.84,6,6,6,7.42,6,6,6.15,6,6,4.04,6,6
332,TAMILNADU,ERODE,7.98,9.05,9.65,10.5,9.74,11.61,10.38,11,21.4,18.21,5.94,11,11
333,GUJARAT,VALSAD,5.74,5,5,5,8.58,5,5,2.64,5,5,3.1,5,5
334,TAMILNADU,DINDIGUL,7.92,10.27,10.99,12.01,11.06,11.5,9.84,11.77,20.24,19,8.31,12,12
335,ASSAM,SIVASAGAR,3.3,2,3.04,2,2,2,2,1.44,2,2,1.58,2,2
336,PONDICHERRY,MAHE,23.64,25,25,25,25.72,25,25,24.03,25,25,25.39,25,25
337,PUNJAB,MUKTSAR,4,4,4,4,4.35,4,4,3.9,4,4.09,4,4,4
338,GUJARAT,BHAVNAGAR,12.28,10,10,10,15.45,10,10,8.03,10,10,6.15,10,10
339,ODISHA,SAMBALPUR,4.22,4,4,5.63,4,4,4,1.74,4,4,2.52,4,4
340,ODISHA,SUBARNAPUR,2.82,3,3,4.76,3,3,3,1.19,3,3,2.79,3,3
341,BIHAR,GOPALGANJ,3.91,4,4,4,5.57,4,4,3.28,4,4,1.61,4,4
342,UTTAR PRADESH,UNNAO,6.64,6.91,14.89,15.31,12.54,17.36,17.12,17.46,17.38,16.79,15.46,16.71,19.2
343,HIMACHAL PRADESH,BILASPUR,6.88,8,8,8,8.63,8,8,8.9,8,8,8.89,8,8
344,TAMILNADU,PERAMBALUR,8.53,10.77,11.39,11.63,10.58,9.66,11.18,9.52,17.02,17.79,5.24,11,11
345,JAMMU & KASHMIR,RAJOURI,11,11,11,11,11,11,11,11,11,11,11,11,11
346,KARNATAKA,BIDAR,9.37,7,7,8.03,12.84,7,7,3.43,7,7,3.72,7,3.99
347,MAHARASHTRA,THANE,3.54,5,5,5,6.6,5,5,0.87,5,5,8.33,5,5
348,ASSAM,BONGAIGAON,3.94,3,3.91,3,3,3,3,2.09,3,3,3.63,3,3
349,CHHATTISGARH,MAHASAMUND,4.31,4,4,4,7.32,4,3.53,2.77,1.88,4,3.05,3.03,3.39
350,UTTAR PRADESH,MAINPURI,7.04,18.2,14.24,14.19,13.05,14.82,14.1,15.13,14.8,14.39,14.67,14.02,20.38
351,ASSAM,MARIGAON,3.94,3,4.43,3,3,3,3,2.31,3,3,3.24,3,3
352,UTTARAKHAND,UTTARKASHI,10.44,12,12,12,14.64,12,12,12.03,12,12,12.64,12,12
353,UTTARAKHAND,CHAMPAWAT,14.56,14,14,14,21.32,14,14,8.21,14,14,12.2,14,14
354,HIMACHAL PRADESH,SIRMAUR,10.08,9,9,9,11.32,9,9,6.17,9,9,8.55,9,9
355,UTTAR PRADESH,FARRUKHABAD,9.99,14.3,18.29,18.26,17.16,19.4,19.36,25.23,23.94,25.06,23.02,24.93,21.24
356,PUNJAB,FATEHGARH SAHIB,22,22,22,22,22.28,22,22,21.9,22,22.53,22,22,22
357,TAMILNADU,NAGAPPATTINAM,3.92,11,11.07,10.75,4.97,9.87,10.78,6.33,13.72,16.38,3.34,9,9
358,PUNJAB,PATIALA,29,29,29,29,29.19,29,29,28.01,29,29.35,29,29,29
359,DELHI,NEW DELHI,11,11,11,11,11.54,11,11,12.58,11,10.39,11,9.37,11
360,ANDHRA PRADESH,SRI POTTI SRIRAMULU NELLORE,9.82,12.05,12.58,12.93,11.98,10,10,4.01,10,5.7,10,10,8.71
361,TAMILNADU,NAMAKKAL,9.89,9.9,10.72,10.92,10.8,9.67,11.14,11.42,21.01,18.05,6.25,12,12
362,KERALA,ERNAKULAM,5.08,4,4,5.16,4,4.29,4.91,4.02,2.19,3.77,6.67,1.72,1.79
363,RAJASTHAN,JAISALMER,41.7,41,41,41,41.56,41,41,42.08,41,41,39.58,41,41
364,ASSAM,CHIRANG,3.47,3,3.92,3,3,3,3,2.1,3,3,3.37,3,3
365,UTTAR PRADESH,BALRAMPUR,4.09,5.59,12.5,12.96,4.77,28.31,15.3,14.98,14.98,15.64,15.14,14.27,22.61
366,CHHATTISGARH,RAJNANDGAON,6.03,4,4,4,7.96,4,5.56,2.96,1.72,4,3.11,2.94,3.19
367,KARNATAKA,CHAMRAJNAGAR,7.86,7,7,6.76,11.35,7,7,8.55,7,7,3.27,7,5.3
368,MADHYA PRADESH,CHHINDWARA,11.97,6,6,6,12.63,8.2,3.14,2.21,6,2.22,4.32,6,6
369,UTTAR PRADESH,MIRZAPUR,7.78,6.16,11.79,11.86,8.22,25.97,12.89,12.36,12.16,11.42,10.74,9.75,22.75
370,KERALA,KOZHIKODE,5.16,5,5,5.82,5,5.14,6.73,3.85,7.11,6.09,3.49,1.89,1.86
371,MANIPUR,SENAPATI,5,5,5,5,5,5,5,5,5,5,5,5,5
372,GUJARAT,SURENDRANAGAR,8.42,7,7,7,9.55,7,7,5.31,7,7,3.81,7,7
373,TRIPURA,DHALAI,4.32,4,4.47,4,4,4,4,3.12,4,4,3.77,4,4
374,UTTAR PRADESH,MATHURA,8.38,23.56,19.42,20.22,11.49,16.02,19.96,19.85,18.99,1342.3,18.23,21.48,23.06
375,TRIPURA,SOUTH TRIPURA,3.45,3,3.61,3,3,3,3,2.84,3,3,2.37,3,3
376,ASSAM,DARRANG,3.57,3,3.81,3,3,3,3,2.39,3,3,3.72,3,3
377,ODISHA,SUNDARGARH,4.79,4,4,6.6,4,4,4,2.09,4,4,2.81,4,4
378,ODISHA,KALAHANDI,3.97,3,3,5.08,3,3,3,1.05,3,3,2.78,3,3
379,MAHARASHTRA,AURANGABAD,11.21,10,10,10,12.93,10,10,9.49,10,10,8.3,10,10
380,RAJASTHAN,UDAIPUR,6.54,6,6,6,9.5,6,6,4.25,6,6,3.94,6,6
381,MAHARASHTRA,RAIGARH,2.51,4,4,4,4.32,4,4,1.01,4,4,8.08,4,4
382,UTTAR PRADESH,RAE BARELI,5.3,6.19,11.12,13.4,9.69,25.43,15.6,14.9,12.87,13.13,12.09,13.73,18.91
383,MADHYA PRADESH,GWALIOR,13.94,9,9,9,13.6,11.17,13.46,3.85,9,1.07,3.95,9,9
384,ANDAMAN & NICOBAR,NORTH & MIDDLE ANDAMAN,1,1,1,0.89,1,1,1,1,1,1,1.57,1,1
385,UTTAR PRADESH,GHAZIPUR,5.44,6.15,10.41,10.69,7.42,25.34,11.64,10.96,12.01,11.28,9.59,9.71,23.02
386,UTTARAKHAND,CHAMOLI,23.6,27,27,27,30.71,27,27,27.3,27,27,26.42,27,27
387,MADHYA PRADESH,BHIND,15.67,9,9,9,12.88,12.82,14.72,4.1,9,1.05,4.02,9,9
388,UTTAR PRADESH,BULANDSHAHR,9.47,24.39,17.63,14.92,10.91,16.93,16.92,15.87,15.59,15.51,15.72,20.16,21.76
389,UTTAR PRADESH,DEORIA,4.2,5.87,10.87,10.29,5.15,28.85,12.1,11.16,11.8,11.13,9.74,9.58,23.12
390,MADHYA PRADESH,MANDLA,4.93,4,4,4,6.25,6.14,2.36,1.68,4,2.37,4.34,4,4
391,RAJASTHAN,KOTA,5.67,5,5,5,8.37,5,5,2.58,5,5,3.63,5,5
392,UTTAR PRADESH,BANDA,7.56,7.02,18.58,20.78,8.67,20.01,21.84,20.66,20.68,20.6,20.24,20.32,21.47
393,ANDAMAN & NICOBAR,SOUTH ANDAMAN,2,2,2,1.9,2,2,2,2,2,2,2.25,2,2
394,GUJARAT,DOHAD,5.71,5,5,5,8.68,5,5,2.5,5,5,3.51,5,5
395,BIHAR,KATIHAR,4.1,4,4,4,3.84,4,4,6.22,4,4,2.66,4,4
396,UTTAR PRADESH,SANT RAVI DAS NAGAR(BHADOHI),9.2,6.16,11.28,11.47,10.12,25.68,12.89,12.35,12.06,11.33,10.73,9.65,22.41
397,JHARKHAND,PAKUR,5.38,5,5,5,7.16,5,5,3.83,5,5,3.13,5,5
398,GUJARAT,JUNAGADH,11.76,10,10,10,14.72,10,10,7.54,10,10,4.72,10,10
399,JHARKHAND,KHUNTI,6.08,5,5,5,7.8,5,5,4.23,5,5,2.51,5,5
400,ODISHA,KHORDHA,5.15,4,4,4.94,4,4,4,1.76,4,4,2.64,4,4
401,MADHYA PRADESH,MANDSAUR,12.29,6,6,6,13.15,7.28,3,1.25,6,1.79,3.58,6,6
402,ANDHRA PRADESH,PRAKASAM,20.31,23.87,24.4,24.44,21.51,18,18,4.04,18,7.2,18,18,15.03
403,ASSAM,LAKHIMPUR,3.07,2,2.87,2,2,2,2,1.85,2,2,1.66,2,2
404,KERALA,THIRUVANANTHAPURAM,7.81,7,7,9.36,7,7.36,6.46,8.41,5.98,5.16,7.33,2.19,5.42
405,TAMILNADU,VIRUDUNAGAR,10.07,12.37,8.52,11.69,12,10.07,9.56,14.15,11.82,17.34,9.4,12,12
406,UTTAR PRADESH,JAUNPUR,6.62,6.15,10.19,10.58,7.08,25.33,11.75,11.06,12.01,11.28,9.68,9.67,22.31
407,BIHAR,LAKHISARAI,5.6,6,6,6,6.97,6,6,6.03,6,6,3.99,6,6
408,PUNJAB,KAPURTHALA,20,20,20,20,19.01,20,20,21.4,20,19.85,20,20,20
409,RAJASTHAN,RAJSAMAND,11.52,10,10,10,13.79,10,10,7.14,10,10,6.12,10,10
410,WEST BENGAL,HAORA,5.18,8,8,6.25,8,8,8,12.6,8,8,7.02,8,8
411,HIMACHAL PRADESH,SOLAN,13.25,12,12,12,12.96,12,12,10.61,12,12,11.31,12,12
412,BIHAR,SAHARSA,3.51,4,4,4,4.28,4,4,6.22,4,4,2.31,4,4
413,MAHARASHTRA,NASHIK,7.65,8,8,8,12.63,8,8,5,8,8,8.32,8,8
414,JAMMU & KASHMIR,SAMBA,8,8,8,8,8,8,8,8,8,8,8,8,8
415,MEGHALAYA,JAINTIA HILLS,1.59,1,1.36,1,1,1,1,0.87,1,1,1.39,1,1
416,CHHATTISGARH,RAIPUR,4.77,4,4,4,6.8,4,3.51,3.02,1.86,4,3.06,2.87,3.23
417,CHHATTISGARH,BIJAPUR,6.05,4,4,4,5.89,4,4.27,2.63,1.71,4,3.05,3.06,3.6
418,TELANGANA,WARANGAL,9.42,11.01,12.1,8,12.08,12.14,8.09,6.63,8,3.23,4.8,5.48,6.46
419,KARNATAKA,GADAG,8.12,8,8,9.64,15.48,8,8,2.14,8,8,8.79,8,4.08
420,BIHAR,MUZAFFARPUR,5.36,5,5,5,6.54,5,5,5.37,5,5,3.15,5,5
421,ASSAM,NALBARI,3.25,3,2.64,3,3,3,3,1.87,3,3,2.52,3,3
422,UTTAR PRADESH,AYODHYA,5.1,5.83,7.86,9.84,5.8,28.5,10.38,9.52,8.8,11.59,8.6,14.79,21.53
423,KERALA,WAYANAD,6.51,5,5,7.38,5,6.46,6,4.33,4.56,4.49,5.67,1.89,1.86
424,NAGALAND,DIMAPUR,5,5,5,5,5,5,5,5,5,5,5,5,5
425,RAJASTHAN,JODHPUR,35.92,35,35,35,34.94,35,35,34.69,35,35,33.88,35,35
426,HARYANA,MAHENDRAGARH,33,33,33,33,26.38,33,33,29.39,33,44.66,33,33,33
427,NAGALAND,LONGLENG,33,33,33,33,33,33,33,33,33,33,33,33,33
428,WEST BENGAL,KOLKATA,1.34,5,5,1.89,5,5,5,10.05,5,5,6.63,5,5
429,HIMACHAL PRADESH,KANGRA,5.37,5,5,5,5.67,5,5,5.31,5,5,4.38,5,5
430,UTTAR PRADESH,GHAZIABAD,14.18,24.98,17.77,16.18,14.34,16.29,16.06,15.65,15.29,259.79,15.53,20.83,22.84
431,MADHYA PRADESH,JABALPUR,7.18,5,5,5,8.23,7.85,2.67,2.54,5,2.31,4.45,5,5
432,UTTAR PRADESH,ETAH,8.18,21.91,14.51,14.53,13.33,15.03,15.7,15.49,15.71,15.54,15.81,15.9,22.51
433,MAHARASHTRA,KOLHAPUR,5.06,4,4,4,6.01,4,4,2.69,4,4,3.51,4,4
434,MADHYA PRADESH,SAGAR,8.19,6,6,6,11.1,9.74,2.63,3.17,6,1.84,4.57,6,6
435,MADHYA PRADESH,HARDA,7.32,6,6,6,10.73,11.09,4.06,3.19,6,2.13,3.6,6,6
436,GUJARAT,SABAR KANTHA,14.55,13,13,13,18.65,13,13,9.57,13,13,8.78,13,13
437,RAJASTHAN,BARMER,35.42,34,34,34,35.09,34,34,31.81,34,34,34.49,34,34
438,UTTAR PRADESH,KANSIRAM NAGAR,7.22,21.22,10.13,10.27,9.53,11.53,11.39,10.82,10.78,11.13,11.81,11.78,22.97
439,BIHAR,PATNA,6.07,6,6,6,7.56,6,6,5.4,6,6,3.51,6,6
440,Ladakh,Ladakh dist1,6,6,6,6,6,6,6,6,6,6,6,6,6
441,ARUNACHAL PRADESH,WEST SIANG,5.94,5,5,5,5,5,5,2.48,5,5,5.68,5,5
442,PUNJAB,GURDASPUR,8,8,8,8,7.78,8,8,8.67,8,7.07,8,8,8
443,MAHARASHTRA,SINDHUDURG,6.17,5,5,5,7.79,5,5,3.33,5,5,3.47,5,5
444,BIHAR,BEGUSARAI,6.24,6,6,6,7.55,6,6,6.16,6,6,3.78,6,6
445,BIHAR,KHAGARIA,5.26,5,5,5,6.41,5,5,6.22,5,5,2.95,5,5
446,DELHI,CENTRAL,9,9,9,9,9.84,9,9,8.85,9,8.6,9,8.13,9
447,TAMILNADU,THENI,12.9,17.59,13.74,19.76,15.17,11.98,7.53,15.47,17.39,24.62,15.49,16,16
448,UTTAR PRADESH,KHERI,4.38,7.43,13.13,13.51,5.49,20.11,14.69,13.53,13.69,12.79,13.17,16.05,22.36
449,JHARKHAND,PASHCHIMI SINGHBHUM,4.85,4,4,4,6.36,4,4,2.5,4,4,2.58,4,4
450,ASSAM,HAILAKANDI,1.64,2,2.29,2,2,2,2,1.85,2,2,0.82,2,2
451,RAJASTHAN,BUNDI,6.42,6,6,6,8.81,6,6,3.83,6,6,3.34,6,6
452,KERALA,MALAPPURAM,7.38,6,6,8.7,6,8.59,8.28,5.93,6.66,7.31,6.45,1.88,1.85
453,MADHYA PRADESH,DATIA,10.16,8,8,8,11.17,10.83,14.13,3.87,8,1.01,3.8,8,8
454,UTTAR PRADESH,BUDAUN,12.8,20.34,10.04,10.25,12.49,12.59,12.59,12,12.38,12.13,12.52,13.57,22.9
455,NAGALAND,MON,14,14,14,14,14,14,14,14,14,14,14,14,14
456,MADHYA PRADESH,BARWANI,8.48,6,6,6,10.31,8.6,8.3,2.05,6,1.78,3.6,6,6
457,MAHARASHTRA,GARHCHIROLI,5.29,5,5,5,8.47,5,5,1.2,5,5,4.21,5,5
458,HIMACHAL PRADESH,KULLU,4.18,4,4,4,5.06,4,4,2.93,4,4,3.05,4,4
459,MADHYA PRADESH,HOSHANGABAD,8.03,6,6,6,10.14,10.11,3.18,1.97,6,2.24,3.69,6,6
460,MAHARASHTRA,RATNAGIRI,7.04,6,6,6,7.57,6,6,4.3,6,6,4.26,6,6
461,UTTAR PRADESH,RAMPUR,6.14,16.14,10.31,10.82,6.92,12.22,12.2,11.91,11.79,12.47,13.33,13.24,23.36
462,ANDHRA PRADESH,SRIKAKULAM,4.25,5.31,5.91,6.21,5.53,4,4,2.43,4,1.34,4,4,4.29
463,DELHI,NORTH,6,6,6,6,7.74,6,6,6.16,6,6.3,6,5.73,6
464,TAMILNADU,DHARMAPURI,12.73,9.6,10.68,11.08,12.75,9.94,11.12,11.99,21.34,18.07,6.59,12,12
465,KARNATAKA,BELGAUM,6.4,5,5,7.23,9.36,5,5,1.17,5,5,5.16,5,3.32
466,WEST BENGAL,BARDDHAMAN,10.11,9,9,10.73,9,9,9,9.05,9,9,6.69,9,9
467,KARNATAKA,UDUPI,7.37,7,7,11.18,10.36,7,7,2.7,7,7,3.85,7,4.94
468,PONDICHERRY,YANAM,2.78,8,8,8,4,8,8,11.6,8,8,11.73,8,8
469,ODISHA,NAYAGARH,3.95,3,3,4.67,3,3,3,1.36,3,3,2.02,3,3
470,PUNJAB,FARIDKOT,10,10,10,10,9.12,10,10,10.16,10,9.86,10,10,10
471,WEST BENGAL,BIRBHUM,10.23,9,9,10.93,9,9,9,9.13,9,9,5.4,9,9
472,TAMILNADU,KANNIYAKUMARI,6.69,8.97,8.78,9.22,8.36,8.79,9.89,8.93,12.02,20.77,5.62,10,10
473,ODISHA,GAJAPATI,3.51,3,3,3.13,3,3,3,1.48,3,3,2.2,3,3
474,TELANGANA,ADILABAD,7.22,9.22,10.62,7,9.12,8.87,5.53,4.85,7,3.39,5.36,5.82,6.48
475,RAJASTHAN,CHURU,36.46,36,36,36,36.99,36,36,35.5,36,36,35.71,36,36
476,BIHAR,MUNGER,5.75,6,6,6,7.99,6,6,6.09,6,6,2.95,6,6
477,UTTAR PRADESH,BARA BANKI,5.31,5.72,11.41,12.47,7.17,27.78,14.05,13.97,13.63,15.64,14.98,20.11,20.89
478,TAMILNADU,VELLORE,9.2,10.78,11.42,11.69,10.36,9.64,11.13,10.46,19.84,18.07,8.64,12,12
479,MADHYA PRADESH,EAST NIMAR,7.01,5,5,5,8.08,9.98,2.5,2.83,5,2.22,3.6,5,5
480,BIHAR,KAIMUR (BHABUA),6.51,7,7,7,10.38,7,7,5.47,7,7,4.2,7,7
481,BIHAR,KISHANGANJ,3.94,4,4,4,3.42,4,4,6.21,4,4,2.79,4,4
482,WEST BENGAL,UTTAR DINAJPUR,5.09,4,4,4.27,4,4,4,3.04,4,4,2.15,4,4
483,JHARKHAND,LOHARDAGA,6.16,6,6,6,8.55,6,6,5.2,6,6,4.27,6,6
484,KERALA,KASARAGOD,9.48,5,5,10.87,5,4.98,4.37,3.45,3.86,4.41,5.06,1.9,1.87
485,NAGALAND,KOHIMA,5,5,5,5,5,5,5,5,5,5,5,5,5
486,ARUNACHAL PRADESH,UPPER SIANG,6.2,5,5,5,5,5,5,2.74,5,5,5.09,5,5
487,RAJASTHAN,SIKAR,49.79,49,49,49,48.72,49,49,49.9,49,49,49.55,49,49
488,RAJASTHAN,JALOR,23.46,25,25,25,24.11,25,25,25.73,25,25,26.69,25,25
489,UTTAR PRADESH,MUZAFFARNAGAR,11.15,26.05,16.81,16.45,13.45,16.2,15.91,15.46,15.08,78.58,15.37,20.39,23.55
490,HIMACHAL PRADESH,KINNAUR,9.2,8,8,8,9.54,8,8,6.94,8,8,7.28,8,8
491,CHHATTISGARH,NARAYANPUR,6.21,4,4,4,7.57,4,4.28,2.66,1.71,4,3.05,3.06,3.28
492,MAHARASHTRA,WARDHA,7.18,6,6,6,9.24,6,6,2.6,6,6,5.3,6,6
493,HARYANA,YAMUNANAGAR,11,11,11,11,13.03,11,11,11.57,11,9.31,11,11,11
494,Ladakh,Leh (ladakh),11,11,11,11,11,11,11,11,11,11,11,11,11
495,HIMACHAL PRADESH,LAHUL & SPITI,4.95,4,4,4,5.75,4,4,2.95,4,4,3.88,4,4
496,ASSAM,CACHAR,1.95,2,3.45,2,2,2,2,1.98,2,2,1.34,2,2
497,ARUNACHAL PRADESH,TIRAP,6.92,5,5,5,5,5,5,2.48,5,5,4.89,5,5
498,UTTARAKHAND,ALMORA,28.82,30,30,30,32.93,30,30,29.75,30,30,29.93,30,30
499,UTTARAKHAND,PITHORAGARH,19.98,19,19,19,25.8,19,19,14.9,19,19,14.77,19,19
500,ODISHA,KANDHAMAL,5.44,6,6,7.44,6,6,6,3.51,6,6,5.71,6,6
501,ARUNACHAL PRADESH,DIBANG VALLEY,6.03,4,4,4,4,4,4,2.85,4,4,4.42,4,4
502,UTTAR PRADESH,SIDDHARTH NAGAR,3.65,5.6,8.94,8.09,4.77,28.47,9.96,9.38,9.27,12.64,8.91,16.64,22.77
503,BIHAR,MADHEPURA,3.65,4,4,4,4.21,4,4,6.22,4,4,2.54,4,4
504,KERALA,KOLLAM,6.75,6,6,7.36,6,6.71,6.94,5.86,5.87,4.75,6.63,2.14,5.74
505,MAHARASHTRA,MUMBAI,4.07,5,5,5,5.13,5,5,1.18,5,5,8.34,5,5
506,TAMILNADU,TIRUPPUR,6.4,11.16,11.89,13.01,8.29,12.59,9.07,9.29,21.4,20.3,7,12,12
507,NAGALAND,PEREN,12,12,12,12,12,12,12,12,12,12,12,12,12
508,RAJASTHAN,BANSWARA,3.82,4,4,4,6.74,4,4,1.76,4,4,2.87,4,4
509,ARUNACHAL PRADESH,WEST KAMENG,7.2,5,5,5,5,5,5,2.38,5,5,5.44,5,5
510,PONDICHERRY,PUDUCHERRY,18.09,18,18,18,18.56,18,18,17.33,18,18,17.89,18,18
511,JHARKHAND,PALAMU,6.65,7,7,7,10.19,7,7,4.71,7,7,5.65,7,7
512,CHHATTISGARH,DHAMTARI,5.54,4,4,4,5.96,4,4.27,2.84,1.7,4,3.05,3.05,3.05
513,MAHARASHTRA,BID,10.79,10,10,10,13.34,10,10,10.52,10,10,3.95,10,10
514,DELHI,NORTH EAST,8,8,8,8,9.52,8,8,7.14,8,6.68,8,6.88,8
515,WEST BENGAL,NADIA,5.39,6,6,5.73,6,6,6,10.51,6,6,3.79,6,6
516,MADHYA PRADESH,BALAGHAT,5.37,4,4,4,7.7,6.18,2.3,1.65,4,2.38,4.76,4,4
517,ODISHA,DHENKANAL,4.45,4,4,5.64,4,4,4,1.93,4,4,3.04,4,4
518,PUNJAB,HOSHIARPUR,13,13,13,13,15.44,13,13,12.6,13,11.55,13,13,13
519,MAHARASHTRA,MUMBAI SUBURBAN,4.1,5,5,5,5.2,5,5,0.79,5,5,8.34,5,5
520,BIHAR,BUXAR,5.22,5,5,5,7.29,5,5,3.85,5,5,4.07,5,5
521,GUJARAT,ANAND,10.89,10,10,10,11.99,10,10,9.02,10,10,8.66,10,10
522,MANIPUR,IMPHAL WEST,10,10,10,10,10,10,10,10,10,10,10,10,10
523,ODISHA,BAUDA,3.33,3,3,5.54,3,3,3,1.64,3,3,2.84,3,3
524,TAMILNADU,KANCHEEPURAM,4.79,10.65,11.29,11.62,7.36,9.65,11.13,6.86,16.72,17.85,3.81,10,10
525,UTTAR PRADESH,BALLIA,4.83,6.15,11.65,9.81,6.25,25.33,12.06,11.22,12.01,11.28,9.76,9.72,23.25
526,MAHARASHTRA,JALGAON,13.62,12,12,12,15.78,12,12,11.4,12,12,8.29,12,12
527,MAHARASHTRA,HINGOLI,9.38,7,7,7,11.3,7,7,4.79,7,7,3.62,7,7
528,MAHARASHTRA,AKOLA,11.92,12,12,12,14.26,12,12,11.89,12,12,8.19,12,12
529,TAMILNADU,KRISHNAGIRI,11.56,9.38,10.58,10.49,14.49,10.08,11.12,13.42,21.69,18.08,9.89,13,13
530,UTTAR PRADESH,MAU,5,6.15,11.64,9.7,6.13,25.31,12.27,11.35,12,11.27,9.83,9.72,22.98
531,CHHATTISGARH,KORIYA,5.53,5,5,5,9.11,5,4.17,3.3,4.5,5,4.56,4.28,3.21
532,UTTAR PRADESH,BAREILLY,5.41,15.43,8.6,8.85,5.77,10.06,9.9,10.42,11.23,10.15,10.02,14.08,23.33
533,UTTAR PRADESH,PRAYAGRAJ,7.13,6.16,11.95,11.03,7.81,26.15,12.74,12.22,12.33,11.57,10.66,9.78,22.04
534,TAMILNADU,THIRUVARUR,3.69,11.52,11.47,11.02,5.39,9.82,10.89,6.04,13.75,16.7,2.29,9,9
535,CHHATTISGARH,BASTAR,5.5,4,4,4,6.68,4,4.26,2.7,2.32,4,3.05,3.06,3.36
536,HARYANA,KARNAL,23,23,23,23,21.68,23,23,23.47,23,23.22,23,23,23
537,MADHYA PRADESH,UJJAIN,12.02,6,6,6,14.57,6.45,3.26,1.09,6,1.83,3.59,6,6
538,MAHARASHTRA,SANGLI,6.91,6,6,6,8.57,6,6,4.5,6,6,3.53,6,6
539,KARNATAKA,KOPPAL,6.21,6,6,8.95,8.18,6,6,3.75,6,6,5.93,6,4.24
540,RAJASTHAN,JAIPUR,35.79,35,35,35,36.63,35,35,34.6,35,35,34.69,35,35
541,CHHATTISGARH,UTTAR BASTAR KANKER,5.95,4,4,4,7.1,4,4.6,2.98,1.71,4,3.05,3.05,3.14
542,ASSAM,GOALPARA,4.01,4,4.57,4,4,4,4,2.08,4,4,3.39,4,4
543,GUJARAT,AHMADABAD,20.04,17,17,17,18.93,17,17,17.22,17,17,13.69,17,17
544,MANIPUR,THOUBAL,17,17,17,17,17,17,17,17,17,17,17,17,17
545,KARNATAKA,GULBARGA,8.05,7,7,9.83,11.48,7,7,3.77,7,7,6.1,7,3.99
546,TELANGANA,MEDAK,20.14,21.5,22.26,19,21.94,22.53,20.41,18.82,19,12.32,15.16,16.07,16.8
547,MAHARASHTRA,WASHIM,8.34,7,7,7,11.55,7,7,4.49,7,7,4.82,7,7
548,UTTARAKHAND,HARDWAR,9.47,12,12,12,14.32,12,12,10.35,12,12,12.39,12,12
549,CHANDIGARH,CHANDIGARH,19,19.6,19,19,21.38,19,19,21.39,19,15.02,19,19,19
550,JHARKHAND,GARHWA,5.92,6,6,6,8.94,6,6,3.49,6,6,3.74,6,6
551,BIHAR,BANKA,5.32,5,5,5,6.75,5,5,6.04,5,5,2.32,5,5
552,CHHATTISGARH,KORBA,6.42,5,5,5,8.86,5,6.33,4,4.51,5,3.71,5.07,3.48
553,WEST BENGAL,HUGLI,11.9,10,10,11.56,10,10,10,10.77,10,10,6.56,10,10
554,TAMILNADU,THE NILGIRIS,5.02,13.93,14.79,16.5,5.89,12.53,8.03,8,21.4,25.19,3.7,12,12
555,KERALA,PALAKKAD,6.49,5,5,8.2,5,6.97,5.92,3.56,4.68,5.37,5.98,1.88,1.85
556,JHARKHAND,RANCHI,5.76,5,5,5,8,5,5,3.02,5,5,2.82,5,5
557,ANDAMAN & NICOBAR,NICOBAR,4,4,4,4.4,4,4,4,4,4,4,3.91,4,4
558,CHHATTISGARH,RAIGARH,5.54,4,4,4,8.57,4,2.52,2.73,4.04,4,3.13,5.17,3.4
559,ANDHRA PRADESH,Y.S.R.,22.27,23.56,25.46,26.73,27.93,21,21,3.99,21,19.81,21,21,17.45
560,TELANGANA,KARIMNAGAR,9.72,11.13,12.22,9,11.68,12.01,8.57,7.3,9,3.78,5.31,6.15,7.05
561,JHARKHAND,HAZARIBAGH,6.28,6,6,6,9.2,6,6,5.09,6,6,4.49,6,6
562,MADHYA PRADESH,ALIRAJPUR,7.01,5,5,5,9.56,6.79,6.85,1.92,5,1.93,3.6,5,5
563,KARNATAKA,HAVERI,11,8,8,13.86,12.71,8,8,3.34,8,8,4.74,8,4.37
564,ASSAM,DHEMAJI,3.31,3,3.77,3,3,3,3,1.43,3,3,2.61,3,3
565,KARNATAKA,BIJAPUR,7.19,6,6,7.71,9.12,6,6,1.59,6,6,4.77,6,3.76
566,UTTAR PRADESH,MAHOBA,7.21,11.64,20.21,20.27,8.47,20.41,20.02,21.01,24.95,20.68,20.75,20.79,24.13
567,ARUNACHAL PRADESH,EAST KAMENG,7.07,5,5,5,5,5,5,2.38,5,5,5.45,5,5
568,MIZORAM,SAIHA,5,5,5,5,5,5,5,5,5,5,5,5,5
569,DELHI,NORTH WEST,8,8,8,8,8.25,8,8,8.41,8,8.62,8,8.09,8
570,RAJASTHAN,BHILWARA,9.98,10,10,10,12.93,10,10,11.43,10,10,3.97,10,10
571,UTTAR PRADESH,KANNAUJ,9.44,12.75,16.64,16.13,14.7,18.01,17.11,18.3,18.02,17.12,18.56,18.33,21.88
572,MIZORAM,LAWANGTLAI,17,17,17,17,17,17,17,17,17,17,17,17,17
573,RAJASTHAN,TONK,10.01,9,9,9,13.04,9,9,6.22,9,9,5.91,9,9
574,KARNATAKA,CHIKKABALLAPURA,16.5,12,12,16.69,13.98,12,12,4.81,12,12,12.32,12,4.95
575,MADHYA PRADESH,PANNA,6.99,6,6,6,10.05,9.61,2.76,4.47,6,1.79,4.11,6,6
576,UTTAR PRADESH,KAUSHAMBI,10.65,6.17,12.1,7.63,10.56,26.25,13.48,13.11,14.58,13.86,11.92,11.48,21.19
577,ASSAM,BARPETA,3.41,3,3.16,3,3,3,3,2.02,3,3,2.9,3,3
578,ARUNACHAL PRADESH,LOWER SUBANSIRI,6.49,5,5,5,5,5,5,2.35,5,5,5.49,5,5
579,MADHYA PRADESH,KATNI,8.11,6,6,6,9.94,8.9,2.65,3.54,6,1.83,4.09,6,6
580,ODISHA,BALESHWAR,3.64,3,3,4.71,3,3,3,1.39,3,3,1.91,3,3
581,TELANGANA,HYDERABAD,8.76,7.38,7.77,7,11.08,6.46,6.62,5.3,7,6.4,5.15,6.08,11.13
582,ODISHA,NABARANGAPUR,3.95,3,3,5.39,3,3,3,0.55,3,3,2.8,3,3
583,GUJARAT,KACHCHH,13.28,12,12,12,13.61,12,12,11.67,12,12,9.45,12,12
584,KARNATAKA,DAKSHINA KANNADA,7.31,7,7,10.13,9.28,7,7,2.79,7,7,6.05,7,5.41
585,HARYANA,MEWAT,7,7,7,7,7.32,7,7,6.54,7,7.89,7,7,7
586,ARUNACHAL PRADESH,UPPER SUBANSIRI,5.96,5,5,5,5,5,5,2.4,5,5,5.57,5,5
587,HARYANA,KAITHAL,27,27,27,27,25.27,27,27,28.86,27,27.86,27,27,27
588,JHARKHAND,DUMKA,5.85,5,5,5,6.89,5,5,4.52,5,5,3.21,5,5
589,BIHAR,GAYA,5.97,5,5,5,6.98,5,5,4.85,5,5,3.74,5,5
590,MANIPUR,CHURACHANDPUR,5,5,5,5,5,5,5,5,5,5,5,5,5
591,CHHATTISGARH,DAKSHIN BASTAR DANTEWADA,5.96,4,4,4,6.02,4,4.26,2.71,2.54,4,3.05,3.06,3.71
592,BIHAR,PASHCHIM CHAMPARAN,3.76,4,4,4,4.67,4,4,3.77,4,4,2.49,4,4
593,GUJARAT,JAMNAGAR,9.92,7,7,7,11.8,7,7,5.13,7,7,3.09,7,7
594,UTTAR PRADESH,KANPUR NAGAR,7.17,8.47,21.04,21.48,15.11,18.77,18.76,19.5,20.43,18.68,21.27,21.89,20.91
595,ARUNACHAL PRADESH,LOWER DIBANG VALLEY,5.94,4,4,4,4,4,4,2.93,4,4,4.46,4,4
596,MADHYA PRADESH,NARSIMHAPUR,8.43,6,6,6,9.04,9.21,2.95,2.17,6,2.37,4.71,6,6
597,MAHARASHTRA,LATUR,12.85,9,9,9,12.17,9,9,9.07,9,9,3.7,9,9
598,WEST BENGAL,JALPAIGURI,4.41,3,3,3.41,3,3,3,1.8,3,3,2.27,3,3
599,PUNJAB,MOGA,27,27,27,27,25.41,27,27,28.66,27,27.82,27,27,27
600,MADHYA PRADESH,GUNA,8.16,6,6,6,14.96,9.18,2.51,2.2,6,1.68,3.53,6,6
601,ODISHA,DEBAGARH,4.2,3,3,5.86,3,3,3,1.12,3,3,2.18,3,3
602,ARUNACHAL PRADESH,KURUNG KUMEY,6.08,5,5,5,5,5,5,2.36,5,5,5.5,5,5
603,MADHYA PRADESH,DINDORI,4.79,4,4,4,6.24,6.7,1.96,1.61,4,2.38,4.07,4,4
604,MADHYA PRADESH,RATLAM,13.69,7,7,7,20.32,4.36,3.35,1.34,7,1.81,3.59,7,7
605,BIHAR,MADHUBANI,2.92,4,4,4,4.03,4,4,5.87,4,4,2.13,4,4
606,DELHI,SOUTH,34,34,34,34,32.88,34,34,34.21,34,33.97,34,34.17,34
607,GUJARAT,KHEDA,12.39,11,11,11,14.41,11,11,9.28,11,11,8.11,11,11
608,TAMILNADU,ARIYALUR,6,10.74,11.36,11.51,7.68,9.67,11.18,6.72,15.82,17.6,3.84,10,10
609,ODISHA,KENDUJHAR,4.61,4,4,4.7,4,4,4,1.98,4,4,2.94,4,4
610,PONDICHERRY,KARAIKAL,2.65,3,3,3,3.84,3,3,4.8,3,3,2.03,3,3
611,MADHYA PRADESH,DHAR,10.84,6,6,6,13.78,7.04,5.97,1.85,6,1.91,3.6,6,6
612,KERALA,KANNUR,7.47,5,5,8.47,5,4.99,4.55,3.56,4.31,4.69,5.4,1.9,1.86
613,TAMILNADU,TIRUNELVELI,5.59,11.95,9.34,11.74,7.68,9.36,9.79,10.84,11.95,20.82,3.67,10,10
614,UTTAR PRADESH,SULTANPUR,5.91,6.14,10.27,10.92,7.06,25.13,12.4,11.44,11.57,11.17,9.87,10.46,21.39
615,MIZORAM,AIZAWL,12,12,12,12,12,12,12,12,12,12,12,12,12
616,TAMILNADU,CHENNAI,5.14,10.6,11.24,11.6,6.24,9.65,11.13,6.71,15.86,17.81,5.43,10,10
617,MAHARASHTRA,AHMADNAGAR,9.7,10,10,10,13.3,10,10,8.73,10,10,7.32,10,10
618,UTTARAKHAND,GARHWAL,10.56,19,19,19,24.86,19,19,19.9,19,19,20.22,19,19
619,TRIPURA,WEST TRIPURA,9.73,9,10.09,9,9,9,9,9.29,9,9,6.7,9,9
620,Ladakh,KARGIL,4.38,4,4,4,5.26,4,4,3.73,4,4,3.18,4,4
621,HIMACHAL PRADESH,CHAMBA,4.46,4,4,4,4.53,4,4,4.97,4,4,3.93,4,4
622,BIHAR,ROHTAS,5.29,6,6,6,9.22,6,6,4.4,6,6,4.63,6,6
623,KERALA,KOTTAYAM,4.81,4,4,5.17,4,4.23,6.75,3.5,4.58,3.52,6.86,1.66,3.26
624,JAMMU & KASHMIR,DODA,2.28,2,2,2,3.4,2,2,2.02,2,2,1.18,2,2
625,ANDHRA PRADESH,CHITTOOR,18.95,23.63,25.26,26.55,24.1,19,19,3.97,19,9.35,19,19,19.71
626,RAJASTHAN,SIROHI,13.66,16,16,16,20.52,16,16,14.11,16,16,15.13,16,16
627,UTTAR PRADESH,AURAIYA,6.23,14.03,28.28,12.26,7.39,13.45,11.83,14.18,13.02,13.56,14.55,14.68,23.34
628,BIHAR,AURANGABAD,5.44,6,6,6,7.45,6,6,6.14,6,6,3.78,6,6
